{
  "gridsmith": 21.0546875,
  "ag-grid": 229.71484375,
  "handsontable": 267.4677734375,
  "glide": 105.0556640625
}
